source,target
https://openalex.org/W3163755028,https://openalex.org/W4210879646
https://openalex.org/W3163755028,https://openalex.org/W4366977512
https://openalex.org/W3163755028,https://openalex.org/W4394804988
https://openalex.org/W3163755028,https://openalex.org/W4407985823
https://openalex.org/W3163755028,https://openalex.org/W3211742690
https://openalex.org/W3163755028,https://openalex.org/W4312349588
https://openalex.org/W3163755028,https://openalex.org/W4388966623
https://openalex.org/W3163755028,https://openalex.org/W4322576550
https://openalex.org/W3163755028,https://openalex.org/W4320473171
https://openalex.org/W3163755028,https://openalex.org/W4389080276
https://openalex.org/W3163755028,https://openalex.org/W4385453905
https://openalex.org/W3163755028,https://openalex.org/W4408608231
https://openalex.org/W3163755028,https://openalex.org/W4293418771
https://openalex.org/W3163755028,https://openalex.org/W4281493184
https://openalex.org/W3163755028,https://openalex.org/W4293370545
https://openalex.org/W3163755028,https://openalex.org/W4319786661
https://openalex.org/W3163755028,https://openalex.org/W4401433593
https://openalex.org/W3163755028,https://openalex.org/W4391554010
https://openalex.org/W3163755028,https://openalex.org/W4385656415
https://openalex.org/W3163755028,https://openalex.org/W4388510242
https://openalex.org/W3163755028,https://openalex.org/W4400908959
https://openalex.org/W3163755028,https://openalex.org/W4391547675
https://openalex.org/W3163755028,https://openalex.org/W4372269045
https://openalex.org/W3163755028,https://openalex.org/W4406849041
https://openalex.org/W3163755028,https://openalex.org/W4410199002
https://openalex.org/W3163755028,https://openalex.org/W4410617461
https://openalex.org/W3163755028,https://openalex.org/W4385221014
https://openalex.org/W3163755028,https://openalex.org/W4206717753
https://openalex.org/W3163755028,https://openalex.org/W4295084703
https://openalex.org/W3163755028,https://openalex.org/W3216181886
https://openalex.org/W3163755028,https://openalex.org/W4323971836
https://openalex.org/W3163755028,https://openalex.org/W4321021758
https://openalex.org/W3163755028,https://openalex.org/W4392397070
https://openalex.org/W3163755028,https://openalex.org/W4200537793
https://openalex.org/W3163755028,https://openalex.org/W4210771822
https://openalex.org/W3163755028,https://openalex.org/W4378976228
https://openalex.org/W3163755028,https://openalex.org/W4387042200
https://openalex.org/W3163755028,https://openalex.org/W3198064290
https://openalex.org/W3163755028,https://openalex.org/W4385452916
https://openalex.org/W3163755028,https://openalex.org/W4387650641
https://openalex.org/W3163755028,https://openalex.org/W4388627545
https://openalex.org/W3163755028,https://openalex.org/W4399433472
https://openalex.org/W3163755028,https://openalex.org/W4312767947
https://openalex.org/W3163755028,https://openalex.org/W4406113507
https://openalex.org/W3163755028,https://openalex.org/W4407597248
https://openalex.org/W3163755028,https://openalex.org/W4408106007
https://openalex.org/W3163755028,https://openalex.org/W4410778936
https://openalex.org/W3163755028,https://openalex.org/W4411435299
https://openalex.org/W3163755028,https://openalex.org/W4411863072
https://openalex.org/W3163755028,https://openalex.org/W4412059001
https://openalex.org/W3163755028,https://openalex.org/W4413070496
https://openalex.org/W3163755028,https://openalex.org/W4413365798
https://openalex.org/W3163755028,https://openalex.org/W4414569248
https://openalex.org/W3163755028,https://openalex.org/W4414613236
https://openalex.org/W3163755028,https://openalex.org/W4414773392
https://openalex.org/W3163755028,https://openalex.org/W4205852204
https://openalex.org/W3163755028,https://openalex.org/W4214821975
https://openalex.org/W3163755028,https://openalex.org/W4388297117
https://openalex.org/W3163755028,https://openalex.org/W4389610350
https://openalex.org/W3163755028,https://openalex.org/W4402564343
https://openalex.org/W3163755028,https://openalex.org/W4301185554
https://openalex.org/W3163755028,https://openalex.org/W4386735970
https://openalex.org/W3163755028,https://openalex.org/W4388792679
https://openalex.org/W3163755028,https://openalex.org/W4389576020
https://openalex.org/W3163755028,https://openalex.org/W4284885099
https://openalex.org/W3163755028,https://openalex.org/W4403242148
https://openalex.org/W3163755028,https://openalex.org/W4405891055
https://openalex.org/W3163755028,https://openalex.org/W4301314417
https://openalex.org/W3163755028,https://openalex.org/W4391924554
https://openalex.org/W3163755028,https://openalex.org/W4401536999
https://openalex.org/W3163755028,https://openalex.org/W4322622686
https://openalex.org/W3163755028,https://openalex.org/W4362733384
https://openalex.org/W3163755028,https://openalex.org/W4377101104
https://openalex.org/W3163755028,https://openalex.org/W4384077440
https://openalex.org/W3163755028,https://openalex.org/W4387827722
https://openalex.org/W3163755028,https://openalex.org/W4387934890
https://openalex.org/W3163755028,https://openalex.org/W4389076484
https://openalex.org/W3163755028,https://openalex.org/W4312328556
https://openalex.org/W3163755028,https://openalex.org/W4317857041
https://openalex.org/W3163755028,https://openalex.org/W4377234855
https://openalex.org/W3163755028,https://openalex.org/W4379117922
https://openalex.org/W3163755028,https://openalex.org/W4382052847
https://openalex.org/W3163755028,https://openalex.org/W4385568597
https://openalex.org/W3163755028,https://openalex.org/W4386736036
https://openalex.org/W3163755028,https://openalex.org/W4210916533
https://openalex.org/W3163755028,https://openalex.org/W4391097392
https://openalex.org/W3163755028,https://openalex.org/W4392114240
https://openalex.org/W3163755028,https://openalex.org/W4401626099
https://openalex.org/W3163755028,https://openalex.org/W4402262211
https://openalex.org/W3163755028,https://openalex.org/W4403328942
https://openalex.org/W3163755028,https://openalex.org/W4311890420
https://openalex.org/W3163755028,https://openalex.org/W4321062427
https://openalex.org/W3163755028,https://openalex.org/W4327641252
https://openalex.org/W3163755028,https://openalex.org/W4376142167
https://openalex.org/W3163755028,https://openalex.org/W4386184327
https://openalex.org/W3163755028,https://openalex.org/W4386267954
https://openalex.org/W3163755028,https://openalex.org/W4386584124
https://openalex.org/W3163755028,https://openalex.org/W4388192965
https://openalex.org/W3163755028,https://openalex.org/W4390021817
https://openalex.org/W3163755028,https://openalex.org/W4293482561
https://openalex.org/W3163755028,https://openalex.org/W4312382734
https://openalex.org/W3163755028,https://openalex.org/W3216081562
